"",,,,Starting,Total,Total,Total,Total
Rank Name,,,Nation,Number Segment,,Element,Program  Component,Deductions
"",,,,,Score,Score,Score (factored),
7 Michal BREZINA,,,CZE,7,80.34,42.09,38.25,0.00
Executed,Base,,,,,,,Scores of
"# GOE Elements",Value,,J1 J2,J3 J4,J5 Info,J6 J7,J8 J9 Ref,Panel
1 4S+2T,11.80,0.43,0 1,0 -1,1,0 1,1 0,12.23
2 3A,8.50,1.14,1 2,1 1,1,1 1,2 0,9.64
3 FSSp4,3.00,0.64,1 2,1 1,2,1 2,1 1,3.64
4 CCSp4,3.20,0.57,1 2,0 2,1,1 1,1 1,3.77
5 3Lz,6.60,x -1.80,-3 -2,-2 -3,-3,-3 -2,-2 -3,4.80
6 StSq3,3.30,0.71,2 2,1 1,1,2 1,2 0,4.01
7 CCoSp4,3.50,0.50,1 2,1 1,0,1 2,1 0,4.00
"",39.90,,,,,,,42.09
Program Components,,Factor,,,,,,
Skating Skills,,1.00,7.75 8.00,8.00 8.25,7.25,7.75 7.75,8.00 7.25,7.79
Transitions,,1.00,7.50 7.50,7.50 8.00,6.75,7.00 7.00,7.50 6.50,7.25
Performance,,1.00,8.00 8.00,7.75 7.75,7.25,7.75 7.00,8.00 7.25,7.68
Composition,,1.00,8.00 8.00,7.75 8.25,7.75,7.50 7.25,7.75 7.00,7.71
Interpretation of the Music,,1.00,8.25 8.00,8.00 8.00,8.00,8.00 7.00,7.75 6.75,7.82
Judges Total Program Component Score (factored),,,,,,,,38.25
Deductions,,,,,,,,0.00
