"",,,,Starting,Total,Total,Total,Total
Rank Name,,,Nation,Number Segment,,Element,Program  Component,Deductions
"",,,,,Score,Score,Score (factored),
6 Jorik HENDRICKX,,,BEL,8,82.08,41.89,40.19,0.00
Executed,Base,,,,,,,Scores of
"# GOE Elements",Value,,J1 J2,J3 J4,J5,J6 J7,J8 J9 Ref,Panel
1 3A,8.50,1.00,1 1,1 1,0,1 2,1 1,9.50
2 CSSp4,3.00,0.93,2 2,2 2,1,2 2,0 2,3.93
3 CCoSp4,3.50,0.86,2 2,1 2,2,2 2,1 1,4.36
4 3Lz+3T<,<  9.90,x -1.20,-2 -2,-2 -1,-1,-1 -2,-2 -2,8.70
5 3Lo,5.61,x  0.30,0 1,0 0,0,1 1,0 1,5.91
6 StSq4,3.90,1.60,3 3,2 2,2,3 2,2 2,5.50
7 FCSp4,3.20,0.79,2 2,1 1,1,2 2,2 1,3.99
"",37.61,,,,,,,41.89
Program Components,,Factor,,,,,,
Skating Skills,,1.00,8.50 7.50,8.00 8.25,7.00,7.75 8.25,8.00 7.75,7.93
Transitions,,1.00,8.00 7.25,7.75 8.25,6.50,8.00 8.50,7.50 8.00,7.82
Performance,,1.00,8.50 7.50,8.25 8.00,7.50,7.75 8.50,8.00 8.25,8.04
Composition,,1.00,8.25 7.50,8.25 8.25,7.75,8.00 8.25,8.00 8.25,8.11
Interpretation of the Music,,1.00,8.75 7.75,8.50 8.50,7.25,8.50 8.25,8.00 8.50,8.29
Judges Total Program Component Score (factored),,,,,,,,40.19
Deductions,,,,,,,,0.00
