"",,,,Starting,Total,Total,Total,Total
Rank Name,,,Nation,Number Segment,,Element,Program  Component,Deductions
"",,,,,Score,Score,Score (factored),
10 Paul FENTZ,,,GER,3,68.48,34.91,34.57,1.00
Executed,Base,,,,,,,Scores of
"# GOE Elements",Value,,J1 J2,J3 J4,J5,J6 J7,J8 J9 Ref,Panel
1 4T<,<  8.00,-4.00,-3 -3,-3 -3,-3,-3 -3,-3 -3,4.00
2 3A,8.50,1.29,1 2,2 1,1,1 2,1 1,9.79
3 FCSp4,3.20,0.29,1 1,1 0,0,-1 1,1 0,3.49
4 StSq3,3.30,0.50,1 1,1 1,1,1 2,1 1,3.80
5 3Lz+3T,11.33,x  0.30,0 0,1 1,0,1 1,0 0,11.63
6 CSSp,0.00,0.00,- -,- -,-,- -,- -,0.00
7 CCoSp2,2.50,-0.30,-2 -1,0 0,-1,-2 -1,-1 -1,2.20
"",36.83,,,,,,,34.91
Program Components,,Factor,,,,,,
Skating Skills,,1.00,6.50 7.00,7.50 7.50,6.75,6.50 6.75,7.50 7.00,7.00
Transitions,,1.00,6.25 7.00,7.25 7.25,6.75,6.00 6.75,7.00 6.75,6.82
Performance,,1.00,6.00 6.75,7.25 7.00,6.50,6.50 7.00,7.25 6.25,6.75
Composition,,1.00,6.25 7.00,7.50 7.50,7.25,6.50 7.00,7.50 6.75,7.07
Interpretation of the Music,,1.00,6.25 7.00,7.50 7.00,7.25,6.75 6.75,7.25 6.50,6.93
Judges Total Program Component Score (factored),,,,,,,,34.57
Deductions,,Falls: -1.00(1),,,,,,-1.00
