"",,,,Starting,Total,Total,Total,Total
Rank Name,,,Nation,Number Segment,,Element,Program  Component,Deductions
"",,,,,Score,Score,Score (factored),
2 Patrick CHAN,,,CAN,11,94.43,48.01,46.42,0.00
Executed,Base,,,,,,,Scores of
"# GOE Elements",Value,,J1 J2,J3 J4,J5,J6 J7,J8 J9 Ref,Panel
1 4T+3T,14.60,0.57,1 1,1 1,0,-1 2,0 0,15.17
2 3Lz,6.00,1.50,3 2,2 2,2,2 3,2 2,7.50
3 CCSp4,3.20,1.21,3 2,2 2,3,3 3,2 2,4.41
4 3A,9.35,x -1.57,-1 -2,-1 -2,-2,-1 -1,-2 -2,7.78
5 StSq3,3.30,1.21,3 3,2 2,2,2 3,2 3,4.51
6 FSSp4,3.00,1.07,2 2,2 2,3,2 3,2 2,4.07
7 CCoSp4,3.50,1.07,2 3,2 2,2,2 3,2 1,4.57
"",42.95,,,,,,,48.01
Program Components,,Factor,,,,,,
Skating Skills,,1.00,9.50 9.50,9.50 9.50,9.75,9.00 9.50,9.00 9.25,9.39
Transitions,,1.00,9.25 9.25,9.25 9.25,9.00,9.25 9.50,8.50 9.00,9.18
Performance,,1.00,9.25 9.50,9.25 9.00,9.25,8.75 9.50,9.00 8.75,9.14
Composition,,1.00,9.50 9.25,9.50 9.25,9.50,9.00 9.75,8.75 9.25,9.32
Interpretation of the Music,,1.00,9.50 9.25,9.50 9.50,9.50,9.25 9.50,8.75 9.25,9.39
Judges Total Program Component Score (factored),,,,,,,,46.42
Deductions,,,,,,,,0.00
