"",,,,,Starting,Total,Total,Total,Total
Rank Name,,,,Nation,Number Segment,,Element,Program  Component,Deductions
"",,,,,,Score,Score,Score (factored),
3 Jason BROWN,,,,USA,10,90.71,45.64,45.07,0.00
Executed # GOE Elements,Base Value,,,J1 J2,J3 J4,J5 Info,J6 J7,J8 J9 Ref,Scores of Panel
1 3A,8.50,,-0.71,-2 -1,0 -1,-1,-1 2,-1 0,7.79
2 3Lz,6.00,,1.60,3 2,3 2,2,2 3,2 2,7.60
3 FCSp3,2.80,,1.29,3 3,3 2,3,3 2,2 2,4.09
4 CSSp4,3.00,,1.00,2 2,2 2,-1,2 2,2 2,4.00
5 3F+3T,10.56,,x  1.30,1 2,2 2,2,2 2,1 2,11.86
6 StSq4,3.90,,1.90,2 3,3 2,3,3 2,3 3,5.80
7 CCoSp4,3.50,,1.00,1 2,2 2,2,2 2,2 2,4.50
"",38.26,,,,,,,,45.64
Program Components,,,Factor,,,,,,
Skating Skills,,,1.00,8.50 8.75,9.25 8.50,9.00,8.75 9.00,9.00 8.50,8.79
Transitions,,,1.00,8.75 8.75,9.25 8.50,9.50,9.00 9.25,8.75 9.00,8.96
Performance,,,1.00,9.25 9.00,9.50 8.75,9.50,9.00 9.25,9.00 8.75,9.11
Composition,,,1.00,9.00 8.75,9.25 8.50,9.50,8.50 9.50,9.00 9.00,9.00
Interpretation of the Music,,,1.00,9.25 9.00,9.50 9.00,9.75,9.25 9.25,9.00 9.25,9.21
Judges Total Program Component Score (factored),,,,,,,,,45.07
Deductions,,,,,,,,,0.00
