"",,,,Starting,Total,Total,Total,Total
Rank Name,,,Nation,Number Segment,,Element,Program  Component,Deductions
"",,,,,Score,Score,Score (factored),
4 Alexander SAMARIN,,,RUS,9,84.02,46.40,37.62,0.00
Executed,Base,,,,,,,Scores of
"# GOE Elements",Value,,J1 J2,J3 J4,J5,J6 J7,J8 J9 Ref,Panel
1 4Lz+3T,17.90,0.11,0 1,0 1,-1,0 1,0 -1,18.01
2 4T,10.30,-0.43,0 2,-3 1,-1,-1 2,-1 -2,9.87
3 FCSp3,2.80,0.36,-1 1,1 0,0,1 1,1 1,3.16
4 3A<,<  6.49,x -2.00,-3 -2,-2 -2,-2,-2 -2,-2 -2,4.49
5 CSSp4,3.00,0.21,0 1,1 1,-1,1 0,0 0,3.21
6 StSq3,3.30,0.43,0 1,1 1,1,1 0,1 1,3.73
7 CCoSp4,3.50,0.43,0 2,1 1,1,1 1,1 0,3.93
"",47.29,,,,,,,46.40
Program Components,,Factor,,,,,,
Skating Skills,,1.00,7.50 8.25,8.50 8.25,7.50,7.75 7.50,7.50 7.75,7.79
Transitions,,1.00,6.50 7.75,8.00 8.00,6.50,6.75 7.00,7.25 7.00,7.18
Performance,,1.00,7.00 8.00,8.25 8.00,7.00,8.00 7.25,7.50 7.50,7.61
Composition,,1.00,7.25 8.00,8.25 8.25,6.75,7.25 6.75,7.50 7.50,7.50
Interpretation of the Music,,1.00,6.75 8.00,8.25 8.00,7.50,7.50 7.00,7.50 7.25,7.54
Judges Total Program Component Score (factored),,,,,,,,37.62
Deductions,,,,,,,,0.00
