"",,,,Starting,Total,Total,Total,Total
Rank Name,,,Nation,Number Segment,,Element,Program  Component,Deductions
"",,,,,Score,Score,Score (factored),
8 Takahito MURA,,,JPN,6,74.82,38.35,36.47,0.00
Executed,Base,,,,,,,Scores of
"# GOE Elements",Value,,J1 J2,J3 J4,J5,J6 J7,J8 J9 Ref,Panel
1 4T<,<  8.00,-3.77,-3 -2,-3 -2,-3,-3 -3,-3 -3,4.23
2 3A,8.50,1.43,2 2,2 1,1,1 1,2 1,9.93
3 FCSp3,2.80,0.43,0 1,0 1,1,1 2,2 0,3.23
4 CSSp3,2.60,0.03,0 1,0 0,-1,0 1,0 -1,2.63
5 3Lz+3T,11.33,x -0.10,0 0,1 0,0,0 0,-1 -1,11.23
6 StSq2,2.60,0.57,1 2,1 1,2,1 1,1 1,3.17
7 CCoSp4,3.50,0.43,0 1,1 1,1,1 1,1 0,3.93
"",39.33,,,,,,,38.35
Program Components,,Factor,,,,,,
Skating Skills,,1.00,7.50 7.50,7.75 8.00,7.00,7.50 7.00,7.75 7.75,7.54
Transitions,,1.00,6.75 7.00,7.25 7.75,6.50,7.25 6.50,7.25 7.25,7.04
Performance,,1.00,7.00 7.25,7.75 7.50,7.00,7.00 6.75,7.50 7.50,7.25
Composition,,1.00,7.00 7.25,7.50 8.00,7.25,7.25 7.00,7.75 7.25,7.32
Interpretation of the Music,,1.00,7.25 7.25,7.50 7.75,7.50,7.00 6.50,7.50 7.25,7.32
Judges Total Program Component Score (factored),,,,,,,,36.47
Deductions,,,,,,,,0.00
