"",,,,Starting,Total,Total,Total,Total
Rank Name,,,Nation,Number Segment,,Element,Program  Component,Deductions
"",,,,,Score,Score,Score (factored),
12 Brendan KERRY,,,AUS,5,63.19,31.20,33.99,2.00
Executed,Base,,,,,,,Scores of
"# GOE Elements",Value,,J1 J2,J3 J4,J5,J6 J7,J8 J9 Ref,Panel
1 2T+3T,5.60,-0.10,0 0,0 -1,1,0 -3,0 0,5.50
2 4S<,<  8.10,-4.00,-3 -3,-3 -3,-3,-3 -3,-3 -3,4.10
3 FSSp4,3.00,0.10,-2 1,-1 0,0,0 1,0 1,3.10
4 CCSp4,3.20,0.57,2 2,0 0,1,1 2,1 1,3.77
5 3A,9.35,x -2.14,-2 -2,-2 -3,-2,-2 -3,-2 -2,7.21
6 StSq3,3.30,0.29,0 0,1 0,2,1 1,0 1,3.59
7 CCoSp4,3.50,0.43,1 2,1 1,1,0 1,1 0,3.93
"",36.05,,,,,,,31.20
Program Components,,Factor,,,,,,
Skating Skills,,1.00,7.25 6.75,7.75 7.00,6.75,6.75 6.75,7.25 7.00,6.96
Transitions,,1.00,6.75 6.50,7.25 7.00,6.50,6.25 6.50,7.00 6.75,6.71
Performance,,1.00,6.50 6.75,7.50 6.50,6.25,6.50 6.50,7.00 6.25,6.57
Composition,,1.00,7.00 6.75,7.50 7.00,6.75,7.00 6.75,7.00 7.00,6.93
Interpretation of the Music,,1.00,6.75 6.50,7.75 6.75,7.00,7.00 6.25,7.00 6.75,6.82
Judges Total Program Component Score (factored),,,,,,,,33.99
Deductions,Time violation:,-1.00,,Falls:,-1.00(1),,,-2.00
