"",,,,Starting,Total,Total,Total,Total
Rank Name,,,Nation,Number Segment,,Element,Program  Component,Deductions
"",,,,,Score,Score,Score (factored),
9 Nicolas NADEAU,,,CAN,2,74.23,38.48,36.75,1.00
Executed,Base,,,,,,,Scores of
"# GOE Elements",Value,,J1 J2,J3 J4,J5 Info,J6 J7,J8 J9 Ref,Panel
1 4T<,<  8.00,-4.00,-3 -3,-3 -3,-3,-3 -3,-3 -3,4.00
2 3A,8.50,1.29,2 1,2 1,2,1 1,1 1,9.79
3 StSq3,3.30,0.86,2 1,2 1,3,2 2,2 1,4.16
4 CSSp4,3.00,0.29,1 1,1 1,2,0 0,0 -1,3.29
5 3Lo+3T,10.34,x  0.60,2 1,1 1,1,1 1,0 0,10.94
6 FCSp3,2.80,0.14,0 0,1 0,1,-1 1,0 0,2.94
7 CCoSp4V,3.00,0.36,1 0,1 1,1,1 1,0 -1,3.36
"",38.94,,,,,,,38.48
Program Components,,Factor,,,,,,
Skating Skills,,1.00,7.75 7.00,8.00 7.75,7.00,6.50 7.25,7.50 7.50,7.39
Transitions,,1.00,7.25 6.50,8.00 7.50,7.25,6.00 7.00,7.25 7.00,7.11
Performance,,1.00,7.50 7.00,8.25 7.50,7.25,6.75 7.50,7.50 7.25,7.36
Composition,,1.00,7.50 7.00,8.00 7.75,7.75,6.50 7.25,7.50 7.50,7.46
Interpretation of the Music,,1.00,7.75 7.00,8.25 7.50,7.50,6.75 7.25,7.75 7.25,7.43
Judges Total Program Component Score (factored),,,,,,,,36.75
Deductions,,Falls: -1.00(1),,,,,,-1.00
