"",,,,,Starting,Total,Total,Total,Total
Rank Name,,,,Nation,Number Segment,,Element,Program  Component,Deductions
"",,,,,,Score,Score,Score (factored),
5 Keegan MESSING,,,,CAN,1,82.17,45.75,37.42,1.00
Executed # GOE Elements,Base Value,,,J1 J2,J3 J4,J5 Info,J6 J7,J8 J9 Ref,Scores of Panel
1 4T+3T,14.60,,2.00,2 2,2 2,2,2 2,2 1,16.60
2 3A,8.50,,-1.00,-1 -1,-1 -1,-1,-1 1,-1 -1,7.50
3 FCSp4,3.20,,0.86,2 2,2 1,2,1 2,1 2,4.06
4 CSSp4,3.00,,0.50,0 2,1 0,1,1 2,1 1,3.50
5 StSq2,2.60,,0.43,0 1,1 1,1,1 2,1 0,3.03
6 3Lz,6.60,,x  0.10,1 0,-1 0,1,-1 2,1 -1,6.70
7 CCoSp4,3.50,,0.86,2 3,1 2,3,1 2,1 1,4.36
"",42.00,,,,,,,,45.75
Program Components,,,Factor,,,,,,
Skating Skills,,,1.00,7.50 7.25,8.25 8.00,7.50,6.75 8.75,7.50 7.75,7.68
Transitions,,,1.00,7.25 7.00,7.75 7.75,7.25,6.25 8.75,7.00 7.25,7.32
Performance,,,1.00,7.00 7.25,8.00 7.50,7.25,6.75 9.00,7.25 7.50,7.39
Composition,,,1.00,7.25 7.50,8.00 7.75,7.50,7.00 9.00,7.00 7.25,7.46
Interpretation of the Music,,,1.00,7.25 7.50,8.25 7.75,7.50,7.25 8.75,7.00 7.50,7.57
Judges Total Program Component Score (factored),,,,,,,,,37.42
Deductions,,,Falls: -1.00(1),,,,,,-1.00
